{"cameraMode":{"drawMode":0,"name":"Shaded","section":"Shading Mode"},"sceneLighting":true,"audioPlay":false,"sceneViewState":{"m_AlwaysRefresh":false,"showFog":true,"showSkybox":true,"showFlares":true,"showImageEffects":true,"showParticleSystems":true,"showVisualEffectGraphs":true,"m_FxEnabled":true},"in2DMode":false,"pivot":{"x":-18.210025787353517,"y":2.834744930267334,"z":1.0392990112304688},"rotation":{"x":0.10990193486213684,"y":-0.8750033974647522,"z":0.2354043573141098,"w":0.40851008892059328},"size":9.052006721496582,"orthographic":false}