{"cameraMode":{"drawMode":0,"name":"Shaded","section":"Shading Mode"},"sceneLighting":true,"audioPlay":false,"sceneViewState":{"m_AlwaysRefresh":false,"showFog":true,"showSkybox":true,"showFlares":true,"showImageEffects":true,"showParticleSystems":true,"showVisualEffectGraphs":true,"m_FxEnabled":true},"in2DMode":false,"pivot":{"x":-18.3242244720459,"y":0.8218891024589539,"z":-25.067562103271486},"rotation":{"x":-0.001394278951920569,"y":-0.9957320094108582,"z":0.01524538453668356,"w":-0.09107199311256409},"size":0.4168597161769867,"orthographic":false}